time,seconds_elapsed,z,y,x
1715440388866458000,4.3664580078125,0.04606558560431,0.017773922425881,0.0023404633205675
1715440388876508000,4.3765078125,0.0827384889632463,0.0006225158125162,-0.0284022770961863
1715440388886558000,4.386557861328125,0.0582037671655416,0.0048124417830258,-0.0544066490380559
1715440388896608000,4.39660791015625,0.0104991821825504,0.0424741004509851,-0.0362036007801769
1715440388906657300,4.4066572265625,-0.0258002116888761,0.0761000738620758,-0.0240971477977698
1715440388916707000,4.41670703125,-0.0372299527198076,0.0994765655353665,-0.0416212373481597
1715440388926757000,4.426757080078125,0.003864274212718,0.0951191375108435,-0.0329050843911711
1715440388936806100,4.43680615234375,0.0515139141380786,0.0802804648192599,-0.0378227149981656
1715440388946856000,4.44685595703125,0.1306710374832153,0.041643330448959,-0.0981968553225975
