time,seconds_elapsed,z,y,x
1715440384524983600,0.024983642578125,0.5269973369568586,-0.1925268243502825,-0.069224717333028
1715440384535033600,0.03503369140625,0.4941922149419784,-0.2011077883539721,-0.0103878216294106
1715440384545083000,0.045082763671875,0.399234295874834,-0.1844913288675248,0.0027114143831655
1715440384555132700,0.055132568359375,0.2272767237573862,-0.1689570020619779,0.0489374329798854
1715440384565182700,0.0651826171875,0.1266694006264209,-0.1738634057387709,0.1205879252882674
1715440384575231700,0.075231689453125,0.0937234088361263,-0.1520585838289931,0.1547100299195386
1715440384585281800,0.08528173828125,0.0364876099199056,-0.1235385552547872,0.1407288782395888
1715440384595331600,0.09533154296875,-0.0089461075216531,-0.135835909433104,0.1324032133043743
1715440384605381600,0.105381591796875,0.0028781857848167,-0.1470742926103994,0.0719396297143772
