time,seconds_elapsed,z,y,x
1715440405126909000,20.62690893554688,-0.1780833615213632,0.0630821685905568,0.1514154088209383
1715440405136959000,20.636958984375,-0.0863262843221426,0.001766132889688,0.092809764589928
1715440405147008300,20.64700830078125,-0.0281768776923418,-0.047643173651956,0.0774538539580535
1715440405157058000,20.65705810546875,0.0067032970309257,-0.0581318892394192,0.149090509537328
1715440405167108400,20.6671083984375,-0.0153770173519849,-0.0355608139311894,0.2229267483869567
1715440405177158100,20.677158203125,-0.0280243174791336,-0.0122805309076793,0.2494916243053972
1715440405187207200,20.687207275390627,-0.0649509033381939,-0.0196602658954449,0.2017115264007821
1715440405197257200,20.69725732421875,-0.0890600932002067,-0.0501872138452716,0.0972573277164716
1715440405207307300,20.707307373046877,-0.069063014832139,-0.0420251693733967,0.0242895331312902
