time,seconds_elapsed,z,y,x
1715440399207617000,14.707616943359374,0.0660609104067087,-0.0539976024462841,0.020987852104241
1715440399217666800,14.717666748046875,0.0230161339282989,-0.0189637806644197,0.0164570128747262
1715440399227716000,14.727716064453125,-0.0430915382295846,0.0003527315609622,-0.0082798804315738
1715440399237766100,14.73776611328125,-0.0794581521183252,0.0025754673780407,-0.0426087596813216
1715440399247816200,14.747816162109377,-0.0910182415306568,0.009387759475084,-0.0578670094918459
1715440399257865000,14.757864990234374,-0.074463997092843,-0.0159355188844259,-0.0302029310266952
1715440399267915000,14.7679150390625,-0.062382514154911,-0.0017857600387651,0.0032887667465489
1715440399277965000,14.777965087890625,-0.0291641351640224,-0.0191701625572517,0.0016518405939452
1715440399288014800,14.788014892578126,-0.0467950689226388,-0.0203198075164109,0.0051853850149549
