time,seconds_elapsed,z,y,x
1715440387660493000,3.1604931640625,-0.1052373210191726,-0.074247395200096,0.2408285897751338
1715440387670543000,3.170543212890625,-0.0796966370493173,-0.0810877991467714,0.2138434243516996
1715440387680593200,3.18059326171875,-0.0812701699763536,-0.0966297978021204,0.1527343915981706
1715440387690642200,3.19064208984375,-0.0849573340564966,-0.0946045390522107,0.0720055710900575
1715440387700692200,3.200692138671875,-0.0584404985308647,-0.0950459261441603,0.0501549190108664
1715440387710742300,3.2107421875,-0.0193868375152349,-0.0703621877972036,0.0742975088189821
1715440387720791300,3.220791259765625,0.0317658420950174,-0.0455819668058306,0.0689738843771163
1715440387730841000,3.230841064453125,-0.0002343932777643,-0.0336950931245461,0.0555432701188605
1715440387740891100,3.24089111328125,-0.0744961457967758,0.0015824103532359,0.0230367109254468
