time,seconds_elapsed,z,y,x
1715440398956374300,14.456374267578123,-0.1938321347951889,0.0790355062594637,0.0599513962841592
1715440398966423000,14.466423095703124,-0.1721779368698597,0.0594317654573824,0.0347628776196856
1715440398976473000,14.47647314453125,-0.0948579658240079,0.0109984369415789,0.016671304079378
1715440398986523100,14.486523193359377,-0.0152659581929445,-0.0427892216816078,0.0254533527462743
1715440398996573200,14.4965732421875,0.0294879602909088,-0.0595909563407767,0.0365724112596828
1715440399006622000,14.5066220703125,0.0339993002355098,-0.0646102275412064,0.0029555162041913
1715440399016672300,14.51667236328125,0.0013929156631231,-0.0662935135861858,-0.0304397902561817
1715440399026722300,14.526722412109375,-0.0231470668315887,-0.0588380921468604,-0.0436763889128342
1715440399036771000,14.53677099609375,-0.0216664728850126,-0.0312848079792689,-0.0673165730236098
