time,seconds_elapsed,z,y,x
1715440393338580200,8.838580322265624,-0.2972656212627887,0.1886756836137734,-0.121680542830564
1715440393348630300,8.84863037109375,-0.2668856805682182,0.1651220270089805,-0.1524226313684135
1715440393358680300,8.858680419921875,-0.1862508858859539,0.1517434351989068,-0.1491696939870715
1715440393368729000,8.86872900390625,-0.0883984144210815,0.1166923060892149,-0.1390443500855937
1715440393378779100,8.878779052734375,-0.0264426012456417,0.0693181769032962,-0.1027037474209442
1715440393388829200,8.8888291015625,0.0287894566327333,0.0638100627399981,-0.0487991752866655
1715440393398878200,8.898878173828125,0.0157955350250005,0.0703860253305174,0.0168306502263993
1715440393408928300,8.90892822265625,0.0158335289478302,0.0871608354501426,0.0589297068199142
1715440393418978300,8.918978271484375,0.0648018502563238,0.0609270181169733,0.0869662992587313
