time,seconds_elapsed,z,y,x
1715440388323774200,3.823774169921875,-0.1225508593916892,0.0242452373318374,0.1308922059532254
1715440388333824300,3.83382421875,-0.0923112039506435,0.0449082322627305,0.1819166012750007
1715440388343873000,3.843873046875,-0.11009119079113,0.0584401332046836,0.1935890467543154
1715440388353923000,3.853923095703125,-0.1221475392878055,0.0312772183278575,0.1135237225230783
1715440388363973000,3.86397314453125,-0.1150286471933126,-0.0019159531565383,0.0141911411688197
1715440388374023200,3.874023193359375,-0.0560053803384304,-0.0323985139753669,-0.0094065121246152
1715440388384072200,3.884072265625,0.0263093302547931,-0.05017316705361,0.0307795047886553
1715440388394122200,3.894122314453125,0.0643009149968624,-0.0302186857182532,0.0692299962963443
1715440388404172300,3.90417236328125,0.0478255810141563,0.009515833701007,0.0681877481012605
