time,seconds_elapsed,z,y,x
1715440410292481300,25.792481201171874,0.022676526710391,0.1794447860676795,-0.1569262263979762
1715440410302531300,25.80253125,-0.0175210436433553,0.2138986251376569,-0.1599036713061854
1715440410312580000,25.812580078125,-0.0500263059288263,0.2120849998444318,-0.1448055622271262
1715440410322630100,25.82263012695313,-0.0379962609171867,0.1848064592313021,-0.0921404230941552
1715440410332680200,25.83268017578125,0.0186450792372226,0.1700969658773392,-0.021968816832453
1715440410342730000,25.84272998046875,0.0472065723329782,0.162458799149096,0.0201155627817381
1715440410352779300,25.852779296875,0.1111526825428008,0.1314131610874086,-0.0174086053779814
1715440410362829300,25.86282934570313,0.1669873824894428,0.0841294318649917,-0.0904666994619648
1715440410372879400,25.87287939453125,0.177880532425642,0.0552892679583281,-0.110740822939435
