time,seconds_elapsed,z,y,x
1715440388615216000,4.115216064453125,-0.0158528181701898,-0.1445642094856128,-0.0229869717658963
1715440388625265200,4.12526513671875,0.0048269817650318,-0.134160925425589,0.0059881847312441
1715440388635315200,4.135315185546875,-0.0327092604249715,-0.1271022025531157,0.0353895787002635
1715440388645365000,4.145364990234375,-0.065765726852417,-0.1280529639393091,0.0328104283776599
1715440388655415000,4.1554150390625,-0.0817377874881029,-0.1183467222327366,0.0235521359345642
1715440388665464000,4.165464111328125,-0.1242944881886243,-0.0983817925686016,0.0356008513973443
1715440388675514000,4.17551416015625,-0.1724742894679307,-0.0595655570380389,0.0479599114509299
1715440388685564200,4.185564208984375,-0.1641986285537481,-0.0444323583792895,0.0318498077511554
1715440388695613200,4.19561328125,-0.1361760646402836,-0.0566234026389196,0.0240805071902228
