time,seconds_elapsed,z,y,x
1715440391901471500,7.401471435546875,0.0706570060253143,-0.0675072002248838,0.0316318404518067
1715440391911521500,7.411521484375,-0.0132914432495832,-0.0509086006221128,0.0034326047971844
1715440391921570600,7.421570556640625,-0.102823245614767,-0.0309343597069382,0.0151549355665221
1715440391931620600,7.43162060546875,-0.2153051309347152,0.0214731628195964,0.0415233390647917
1715440391941670400,7.44167041015625,-0.3084446024030446,0.0432801287373993,0.0470586882948875
1715440391951720400,7.451720458984375,-0.4066653226584196,0.0851005875852424,0.0584948225339874
1715440391961769500,7.46176953125,-0.4740823238492012,0.1205003474695142,0.0483758718406781
1715440391971819500,7.471819580078125,-0.5199982718497514,0.166568791751191,0.0371586410492658
1715440391981869600,7.48186962890625,-0.4440402368068695,0.1725498571884818,0.0188352315144613
