time,seconds_elapsed,z,y,x
1715441448966794000,25.2787939453125,-2.8999019420623777,-0.4696871576301753,-0.9615764293920248
1715441448976844000,25.288843994140624,-2.2888187931865454,-0.338388489767909,-1.9482269481554624
1715441448986894000,25.29889404296875,-1.5443039099425075,-0.2034210702650249,-2.433791035483777
1715441448996944100,25.308944091796874,-0.5095815072536468,0.1238100656725466,-2.253412256501615
1715441449006994000,25.318993896484372,0.657317661306262,0.6261388253189623,-1.5975189289100469
1715441449017044000,25.3290439453125,1.6153449468493462,1.1059496098175643,-0.8212186220876873
1715441449027094000,25.339093994140622,2.295832471340894,1.4929429944090544,-0.2442471843132749
1715441449037144000,25.34914404296875,2.613408474704623,1.8068655898317691,-0.1845389674015343
1715441449047194000,25.35919409179688,2.626969382545352,2.074813200543076,-0.5030042112225667
