time,seconds_elapsed,z,y,x
1715441433087747800,9.399747802734376,-0.0110597386747598,-1.0827755088485778,-0.9858872062407432
1715441433097798000,9.4097978515625,-0.7247171268403529,-1.0858640494484453,-1.0347233525369317
1715441433107848000,9.419847900390623,-1.584635920330882,-1.201751724623889,-1.3851298315525054
1715441433117897700,9.429897705078124,-2.529122756299377,-1.2045842446360735,-1.9015028986424207
1715441433127948000,9.439947998046875,-3.31165260516107,-1.1511713650088755,-2.2718746726483103
1715441433137999000,9.4499990234375,-3.604638357147574,-1.1744970763429998,-2.4582389557808635
1715441433148049000,9.460048828125,-3.6887872974306335,-1.1035374341093005,-1.6901903444752095
1715441433158099000,9.470098876953124,-4.06407139339745,-0.9582876900449394,0.206602659443207
1715441433168149000,9.48014892578125,-4.547535293576121,-0.4845230538427829,1.961262663078308
