time,seconds_elapsed,z,y,x
1715441445670387000,21.982386962890622,-5.161044208294153,-0.764529205007851,-2.34391144259423
1715441445680437000,21.99243701171875,-2.265139226913452,-1.566734206806868,-1.4785804147966206
1715441445690487000,22.00248706054688,0.3094254301339387,-2.203281905676425,-0.7581077936582267
1715441445700537000,22.012537109375,2.329478720355034,-2.7248884895056484,0.0209966107994318
1715441445710587100,22.022587158203127,3.771252230149508,-3.009353373645246,0.6562905832808464
1715441445720637200,22.03263720703125,4.356507694807648,-3.0150922095581887,0.890372018617019
1715441445730687200,22.042687255859374,3.9205437969505774,-2.7781922096699474,0.7191027210246771
1715441445740737000,22.052737060546875,2.870740729507804,-2.3837284891977903,0.1536162981323897
1715441445750787000,22.062787109375,2.058763252365589,-1.984420251303911,-0.5331239300783723
