time,seconds_elapsed,z,y,x
1715441433650551000,9.962551025390624,1.1848486667484044,-1.906193540676683,-1.347092069581151
1715441433660600800,9.972600830078123,2.010036338597536,-1.827412264906615,-0.8413611002758145
1715441433670651000,9.98265087890625,2.447501288667321,-1.684540940411389,-0.3941454483032226
1715441433680701000,9.992700927734376,2.7404204051584005,-1.5114973266229033,-0.2166827759634703
1715441433690751000,10.0027509765625,2.9720693526506423,-1.4037002381183206,-0.3322907574146986
1715441433700800800,10.01280078125,3.0945699431598186,-1.399235806055367,-0.575862636282295
1715441433710851000,10.02285107421875,3.119341980844736,-1.356365363230556,-0.7431156839706003
1715441433720901000,10.032901123046877,3.100137514159083,-1.3134570726133885,-0.8110482334680855
1715441433730951200,10.042951171875,2.965976296472549,-1.2702588591389357,-0.7879398912116885
