time,seconds_elapsed,z,y,x
1715441429057679600,5.3696796875,1.0098983425557613,0.177791831228882,3.1948996183931824
1715441429067730700,5.379730712890625,1.478351136085391,-1.6838031276561318,1.7742998295307155
1715441429077780700,5.38978076171875,1.5414689787775278,-2.755587579151988,-0.0259385972462594
1715441429087830800,5.399830810546875,1.144652849960327,-2.9006577288657427,-1.383624979947507
1715441429097880800,5.409880859375,0.1474503228485584,-2.585627318331599,-1.3992692699335514
1715441429107930600,5.4199306640625,-0.9658189623326062,-1.9769225890249011,-0.1849499593552201
1715441429117980700,5.429980712890625,-1.9761708938747644,-1.012851054881513,1.2309957931563258
1715441429128030200,5.4400302734375,-3.42316301510036,0.0133397393707185,1.866097969392687
1715441429138080000,5.450080078125,-5.186771939268708,0.6031236412387341,1.37250927330181
