time,seconds_elapsed,z,y,x
1715441434163101200,10.47510107421875,6.427621894702315,1.313096860998869,-0.4980865920320153
1715441434173151200,10.485151123046874,5.322990674006939,1.537879722113907,-1.2184176127426325
1715441434183201300,10.495201171875,4.150428072857856,1.742287757589668,-1.496656315843761
1715441434193252400,10.50525244140625,3.2198797458708284,2.31469616176486,-1.379080614516139
1715441434203302100,10.51530224609375,2.324078907138109,3.027756753081083,-0.8081433058068156
1715441434213352200,10.525352294921875,1.1848434060513973,3.428859765437245,0.2146428676337003
1715441434223402200,10.53540234375,-0.1569149012863636,3.111506464913487,1.4867850563012062
1715441434233452300,10.545452392578126,-1.1587784059464932,2.2551532549500464,2.6044465850919485
1715441434243502000,10.555502197265625,-1.14108492834568,1.6657359944373369,3.2671631828323004
