time,seconds_elapsed,z,y,x
1715441451016998400,27.328998291015623,1.57516549667418,-2.2181294923268258,-3.2184701713338493
1715441451027048400,27.33904833984375,1.723095711994171,-2.147114612774551,-3.4164375062376258
1715441451037098500,27.34909838867188,1.9771569823026656,-2.242576828102022,-3.616178280554712
1715441451047148300,27.35914819335937,2.005876880830526,-2.3087816770240663,-3.658745794910193
1715441451057198300,27.3691982421875,1.4378876082718373,-2.1234398688070475,-3.361080068413913
1715441451067248400,27.379248291015625,0.2219160735070705,-1.5002571168147028,-2.912037201014161
1715441451077299500,27.389299560546878,-1.1547767690896986,-0.602537584979087,-2.5125235036760567
1715441451087349500,27.399349609375,-2.785432682317495,0.2810450657587498,-2.10871196301356
1715441451097399300,27.4093994140625,-4.439576438638568,0.3828958130795508,-2.0067609701886773
