time,seconds_elapsed,z,y,x
1715441451107449300,27.419449462890626,-5.569984490147233,-0.140440078760311,-2.4455842029996213
1715441451117499400,27.42949951171875,-6.148398710608482,-1.1523092099323868,-3.553646421056986
1715441451127549400,27.43954956054688,-6.565261602154374,-2.466454995462298,-4.363836137999594
1715441451137599200,27.44959912109375,-6.862024534592032,-3.1752444853305817,-3.406135892453789
1715441451147650000,27.45965014648437,-6.943401672074199,-2.931287844929099,-0.7085015397723764
1715441451157700000,27.4697001953125,-7.012769807332754,-1.9242656423315403,1.7812851583734153
1715441451167750000,27.47975,-6.651179890197515,-0.6287105755031108,3.3639626381129024
1715441451177800000,27.48980004882813,-5.727215033254027,0.0311786898568272,3.669749127222597
1715441451187850000,27.49985009765625,-4.121896390378475,0.0608338234081864,3.112577309015393
