time,seconds_elapsed,z,y,x
1715441447981892000,24.29389208984375,4.129766393101215,-1.5122314861163495,-0.1757759613618254
1715441447991942100,24.303942138671875,3.594672258928418,-1.2345051164515315,-0.4355354433119296
1715441448001992200,24.3139921875,3.217923351106048,-1.1613133312515913,-0.7064628004863858
1715441448012042200,24.324042236328125,2.850383585655689,-1.130906356419623,-0.9311306569196284
1715441448022092000,24.334092041015627,2.467390815007686,-0.9872344561312348,-1.1197650769412515
1715441448032142000,24.34414208984375,2.30490542011261,-0.9071563454836606,-1.4312269813388585
1715441448042192100,24.354192138671877,2.3071885626137254,-0.9946001625936478,-1.710802924393117
1715441448052242200,24.3642421875,2.46067056684196,-1.0887090636160224,-1.9169564883619543
1715441448062292200,24.374292236328124,2.5345962192744014,-1.1543061559032648,-2.0269582473039627
