time,seconds_elapsed,z,y,x
1715441441499626000,17.8116259765625,-5.021499544003605,-0.0781505766510963,1.1256013818792998
1715441441509676000,17.821676025390627,-3.933517844814062,-0.218453658093512,-0.0460122479818761
1715441441519726000,17.83172607421875,-2.847092142894864,-0.2649327929347753,-1.1244385486450046
1715441441529775900,17.84177587890625,-1.7020540930092334,-0.2084187324218452,-1.8679671242654323
1715441441539827000,17.851826904296875,-0.5978174245893955,-0.0214468387849628,-2.000404879160225
1715441441549877000,17.861876953125,0.2358417230069637,0.3750409348607063,-1.5347273955628276
1715441441559927000,17.871927001953125,0.5768237363994121,1.0377315213769671,-0.6904776611734181
1715441441569977000,17.88197705078125,0.2214250751197338,1.898521837005019,0.2189640187684446
1715441441580027000,17.89202685546875,0.0738899965971708,2.57660843783468,0.6278844268772751
