time,seconds_elapsed,z,y,x
1715440480053129000,6.02912890625,1.824196371600032,-0.4155312776159495,0.0297184080459177
1715440480063179000,6.039178955078125,1.5913438935369253,-0.2089143339190632,-0.1064363398117013
1715440480073229000,6.04922900390625,1.3901543817162514,-0.0591834258526563,-0.3694738022528588
1715440480083279000,6.059279052734375,1.285969784620404,0.047482722393237,-0.5545562288813293
1715440480093328000,6.069327880859375,1.1334709462106227,0.2045877759568393,-0.6234614958684891
1715440480103378200,6.079378173828125,1.002147582298517,0.4187126841310411,-0.61783693398498
1715440480113428200,6.08942822265625,0.8455278645664454,0.5557633761813864,-0.7335023447118699
1715440480123478300,6.099478271484375,0.8231693177640438,0.485853571794182,-1.0835977850168943
1715440480133528000,6.109528076171875,0.8389882336646318,0.3195871239904314,-1.4998589112773535
