time,seconds_elapsed,z,y,x
1715440480495324200,6.47132421875,-1.6504665291130542,0.0809642092997208,0.4782227115895598
1715440480505374200,6.481374267578125,-1.8840537511914968,0.1725957969557494,0.3076147639827802
1715440480515424000,6.491424072265625,-2.128124373361468,0.3636818479131907,0.2062368583381175
1715440480525474000,6.50147412109375,-2.5419758081316948,0.6755440767399966,0.1423460219794884
1715440480535523000,6.511523193359375,-2.723826997753977,0.8829870959974825,-0.0204834553792141
1715440480545573000,6.521572998046875,-2.464486325737834,0.8506338824685662,-0.3467212876968085
1715440480555623200,6.531623046875,-1.7871786003261805,0.6459143698908388,-0.6597147855758667
1715440480565673200,6.541673095703125,-0.9017056788623332,0.4219616394570097,-0.776899003367871
1715440480575723300,6.55172314453125,-0.1208773732215166,0.2500954719500616,-0.7078017209399491
