time,seconds_elapsed,z,y,x
1715440479349637000,5.32563720703125,-1.4244085334956644,0.926021351081878,0.739931281780824
1715440479359687200,5.335687255859375,-2.3687638520389798,1.3376593475863336,0.6781541861731558
1715440479369737200,5.3457373046875,-2.9246213727772234,1.6245843382291494,0.4117144592741504
1715440479379787000,5.355787109375,-2.945025862902402,1.57941307111606,0.0105433501178398
1715440479389837000,5.365837158203125,-2.4543670827835795,1.3717676611542702,-0.2549990260826423
1715440479399886000,5.375885986328125,-1.647524045920372,1.0385327547572551,-0.2446688803240656
1715440479409936000,5.385935791015625,-0.8094044117838144,0.6860793531492352,0.0391811598528176
1715440479419986000,5.39598583984375,-0.0016594576448202,0.4142341504774987,0.3603448489775881
1715440479430036000,5.406035888671875,0.6777928785800933,0.1433022997910156,0.6520870671764015
