time,seconds_elapsed,z,y,x
1715440490022628000,15.998628173828124,-0.5120592955440283,-0.7688812627375126,-0.0010316628689877
1715440490032678100,16.00867822265625,-0.978956676325202,-0.6000253829624503,0.0315545008992776
1715440490042728200,16.018728271484374,-1.3548825773268938,-0.5389713043997064,-0.1771148635490797
1715440490052778000,16.028778076171875,-1.5415549034953115,-0.5410492066523059,-0.4743519345708191
1715440490062828000,16.038828125,-1.5546125379890203,-0.5583851395197212,-0.6393146062996238
1715440490072878000,16.048878173828125,-1.6531015537917613,-0.485423838607408,-0.5437628129925578
1715440490082928000,16.05892822265625,-1.8014087857306005,-0.3059498264452442,-0.3652849357282742
1715440490092978000,16.06897802734375,-1.874962682241201,-0.2235974141901358,-0.2478537574378773
1715440490103028000,16.079028076171873,-1.9346084649086,-0.2062654999107122,-0.230473802765645
