time,seconds_elapsed,z,y,x
1715440488685990400,14.661990478515625,-0.042162148424983,0.0913538301605731,0.8420413376249373
1715440488696040400,14.67204052734375,0.1181008942455053,-0.0555856936216354,0.720914227426052
1715440488706090200,14.68209033203125,0.4181523468345403,-0.2353941619025543,0.6729523066811263
1715440488716140300,14.692140380859374,0.7752209871530532,-0.3473925380218773,0.6896592574626207
1715440488726190300,14.7021904296875,1.1112293037861585,-0.3974983754603192,0.7196709493666887
1715440488736240400,14.712240478515625,1.4442413612127305,-0.473331578547135,0.6501249733231962
1715440488746290200,14.722290283203124,1.7146534623414278,-0.5962423572923988,0.5447796984175219
1715440488756340200,14.73234033203125,1.8603502195209265,-0.70498162201792,0.4558912354571744
1715440488766389200,14.74238916015625,1.94464119862318,-0.7374993053935468,0.3531102215489372
