time,seconds_elapsed,z,y,x
1715440486937307000,12.913306884765625,0.107340430778265,0.3492208494275808,-0.1019791229408234
1715440486947356700,12.923356689453126,-0.1897580172240734,0.5653043808562681,-0.2672712458197027
1715440486957405700,12.93340576171875,-0.2276315285444259,0.6406150213737041,-0.4409755154740065
1715440486967455700,12.943455810546874,-0.050028644016385,0.6302309169381857,-0.6111130325574428
1715440486977506000,12.953506103515624,0.2079763954818248,0.563871973432973,-0.6977787049017846
1715440486987555800,12.963555908203125,0.4694248534321785,0.5096891323465854,-0.7222093818031251
1715440486997606000,12.97360595703125,0.6819295399934053,0.4361110512427985,-0.7043991459548473
1715440487007656000,12.983656005859377,0.7859200758218765,0.4035371441679075,-0.5815431661367416
1715440487017706000,12.9937060546875,0.9328343920975924,0.3873207168497145,-0.6976141619898378
